,Compatibility,Quality,Tech_generation,Upgrade,Manufacturing,Maintenance,Product_Value,Durability,Product,Risk
0,67,high,2,easy,NA,easy,1169,6,metal_powder,good
1,22,low,2,easy,easy,normal,5951,48,metal_powder,bad
2,49,high,1,easy,easy,NA,2096,12,process_dev,good
3,45,high,2,normal,easy,easy,7882,42,waste_mngmt,good
4,53,high,2,normal,easy,easy,4870,24,plasma_torch,bad
5,35,high,1,normal,NA,NA,9055,36,process_dev,good
6,53,high,2,easy,quite hard,NA,2835,24,waste_mngmt,good
7,35,high,3,hard,easy,normal,6948,36,plasma_torch,good
8,61,high,1,easy,hard,NA,3059,12,metal_powder,good
9,28,high,3,easy,easy,normal,5234,30,plasma_torch,bad
10,25,low,2,hard,easy,normal,1295,12,plasma_torch,bad
11,24,low,2,hard,easy,easy,4308,48,drosrite,bad
12,22,low,2,easy,easy,normal,1567,12,metal_powder,good
13,60,high,1,easy,easy,easy,1199,24,plasma_torch,bad
14,28,low,2,hard,easy,easy,1403,15,plasma_torch,good
15,32,low,1,easy,normal,easy,1282,24,metal_powder,bad
16,53,high,2,easy,NA,NA,2424,24,metal_powder,good
17,25,high,2,easy,NA,easy,8072,30,drosrite,good
18,44,low,3,normal,easy,normal,12579,24,plasma_torch,bad
19,31,high,2,easy,quite hard,NA,3430,24,metal_powder,good
20,48,high,2,easy,easy,NA,2134,9,plasma_torch,good
21,44,high,2,hard,quite hard,easy,2647,6,metal_powder,good
22,48,high,1,hard,easy,easy,2241,10,plasma_torch,good
23,44,high,2,easy,normal,normal,1804,12,plasma_torch,good
24,26,high,2,easy,NA,NA,2069,10,waste_mngmt,good
25,36,high,1,easy,easy,easy,1374,6,waste_mngmt,good
26,39,high,1,easy,easy,NA,426,6,metal_powder,good
27,42,low,2,hard,hard,hard,409,12,metal_powder,good
28,34,high,2,easy,easy,normal,2415,7,metal_powder,good
29,63,high,2,easy,easy,easy,6836,60,drosrite,bad
30,36,high,2,easy,hard,normal,1913,18,drosrite,good
31,27,high,2,easy,easy,easy,4020,24,waste_mngmt,good
32,30,high,2,easy,normal,normal,5866,18,plasma_torch,good
33,57,high,1,hard,NA,NA,1264,12,drosrite,good
34,33,low,3,easy,easy,hard,1474,12,waste_mngmt,good
35,25,high,1,easy,easy,normal,4746,45,metal_powder,bad
36,31,high,2,normal,easy,NA,6110,48,process_dev,good
37,37,high,2,easy,easy,hard,2100,18,metal_powder,bad
38,37,high,2,easy,easy,hard,1225,10,other3,good
39,24,high,2,easy,easy,normal,458,9,metal_powder,good
40,30,high,3,easy,quite hard,NA,2333,30,metal_powder,good
41,26,high,2,easy,quite hard,normal,1158,12,metal_powder,good
42,44,high,1,easy,easy,normal,6204,18,other2,good
43,24,high,2,hard,normal,easy,6187,30,plasma_torch,good
44,58,low,1,normal,easy,easy,6143,48,plasma_torch,bad
45,35,low,3,easy,easy,NA,1393,11,plasma_torch,good
46,39,high,2,easy,quite hard,NA,2299,36,metal_powder,good
47,23,low,0,hard,quite hard,easy,1352,6,plasma_torch,good
48,39,high,1,easy,easy,NA,7228,11,plasma_torch,good
49,28,low,2,easy,normal,NA,2073,12,metal_powder,good
50,29,high,1,easy,NA,normal,2333,24,waste_mngmt,good
51,30,high,3,easy,easy,normal,5965,27,plasma_torch,good
52,25,high,2,easy,easy,NA,1262,12,metal_powder,good
53,31,high,2,easy,NA,NA,3378,18,plasma_torch,good
54,57,high,2,normal,easy,normal,2225,36,plasma_torch,bad
55,26,high,1,easy,NA,NA,783,6,plasma_torch,good
56,52,high,3,easy,NA,normal,6468,12,metal_powder,bad
57,31,low,2,easy,easy,NA,9566,36,metal_powder,good
58,23,low,3,easy,easy,hard,1961,18,plasma_torch,good
59,23,low,1,hard,easy,easy,6229,36,waste_mngmt,bad
60,27,high,2,easy,easy,normal,1391,9,drosrite,good
61,50,high,2,easy,NA,normal,1537,15,metal_powder,good
62,61,high,3,normal,easy,normal,1953,36,drosrite,bad
63,25,high,2,easy,easy,normal,14421,48,drosrite,bad
64,26,low,2,easy,easy,NA,3181,24,metal_powder,good
65,48,high,2,easy,NA,NA,5190,27,other2,good
66,29,low,2,easy,easy,NA,2171,12,metal_powder,good
67,22,high,2,easy,hard,normal,1007,12,plasma_torch,good
68,37,high,2,normal,easy,NA,1819,36,process_dev,bad
69,25,low,2,easy,NA,NA,2394,36,metal_powder,good
70,30,low,2,easy,easy,NA,8133,36,plasma_torch,good
71,46,high,1,hard,NA,NA,730,7,metal_powder,good
72,51,high,3,normal,easy,easy,1164,8,other1,good
73,41,low,1,easy,easy,normal,5954,42,drosrite,good
74,40,high,3,easy,NA,easy,1977,36,process_dev,bad
75,66,high,3,normal,easy,easy,1526,12,plasma_torch,good
76,34,high,2,easy,easy,easy,3965,42,metal_powder,bad
77,51,high,2,easy,easy,normal,4771,11,metal_powder,good
78,39,high,1,easy,NA,NA,9436,54,plasma_torch,good
79,22,high,2,easy,easy,normal,3832,30,waste_mngmt,good
80,44,low,2,easy,NA,NA,5943,24,metal_powder,bad
81,47,high,2,easy,quite hard,NA,1213,15,metal_powder,good
82,24,low,1,hard,normal,NA,1568,18,drosrite,good
83,58,low,1,easy,easy,easy,1755,24,other1,good
84,52,high,1,easy,easy,easy,2315,10,metal_powder,good
85,29,low,3,easy,easy,NA,1412,12,drosrite,good
86,27,low,2,easy,easy,normal,1295,18,waste_mngmt,good
87,47,high,2,normal,normal,normal,12612,36,process_dev,bad
88,30,high,3,easy,normal,easy,2249,18,plasma_torch,good
89,28,high,2,easy,easy,easy,1108,12,other2,bad
90,56,high,2,easy,easy,NA,618,12,metal_powder,good
91,54,high,2,easy,easy,easy,1409,12,plasma_torch,good
92,33,low,1,easy,NA,NA,797,12,metal_powder,bad
93,20,high,2,hard,NA,hard,3617,24,waste_mngmt,good
94,54,high,2,easy,hard,normal,1318,12,plasma_torch,good
95,58,high,2,hard,easy,normal,15945,54,drosrite,bad
96,61,low,2,easy,NA,NA,2012,12,process_dev,good
97,34,high,2,easy,normal,normal,2622,18,drosrite,good
98,36,high,2,easy,easy,normal,2337,36,metal_powder,good
99,36,high,3,hard,NA,normal,7057,20,plasma_torch,good
100,41,high,1,hard,normal,NA,1469,24,plasma_torch,good
101,24,high,2,hard,easy,normal,2323,36,metal_powder,good
102,24,low,2,easy,easy,NA,932,6,metal_powder,good
103,35,high,2,hard,easy,normal,1919,9,waste_mngmt,good
104,26,high,2,hard,NA,NA,2445,12,plasma_torch,good
105,39,high,3,easy,easy,normal,11938,24,other1,bad
106,39,high,3,easy,easy,NA,6458,18,plasma_torch,bad
107,32,high,2,easy,easy,normal,6078,12,plasma_torch,good
108,30,low,2,easy,NA,easy,7721,24,waste_mngmt,good
109,35,high,2,easy,quite hard,normal,1410,14,drosrite,good
110,31,high,2,easy,normal,normal,1449,6,drosrite,good
111,23,low,2,hard,easy,hard,392,15,process_dev,good
112,28,high,1,hard,easy,normal,6260,18,plasma_torch,good
113,25,low,2,easy,easy,NA,7855,36,plasma_torch,bad
114,35,high,2,easy,quite hard,easy,1680,12,metal_powder,good
115,47,high,2,easy,NA,NA,3578,48,metal_powder,good
116,30,low,3,easy,NA,easy,7174,42,metal_powder,bad
117,27,low,2,hard,NA,easy,2132,10,waste_mngmt,good
118,23,low,2,easy,quite hard,easy,4281,33,waste_mngmt,bad
119,36,high,3,easy,quite hard,normal,2366,12,plasma_torch,good
120,25,low,2,easy,easy,easy,1835,21,metal_powder,bad
121,41,low,3,hard,easy,NA,3868,24,plasma_torch,good
122,24,high,1,hard,easy,NA,1768,12,waste_mngmt,good
123,63,high,2,normal,easy,hard,781,10,plasma_torch,good
124,27,low,2,hard,NA,normal,1924,18,waste_mngmt,bad
125,30,high,2,easy,easy,easy,2121,12,plasma_torch,good
126,40,high,1,easy,easy,easy,701,12,metal_powder,good
127,30,high,2,easy,easy,normal,639,12,other2,bad
128,34,high,3,easy,easy,normal,1860,12,plasma_torch,good
129,29,low,2,easy,easy,easy,3499,12,plasma_torch,bad
130,24,low,2,easy,NA,normal,8487,48,plasma_torch,good
131,29,high,2,easy,easy,easy,6887,36,process_dev,bad
132,27,high,1,easy,easy,NA,2708,15,waste_mngmt,good
133,47,high,2,normal,easy,NA,1984,18,waste_mngmt,good
134,21,low,2,easy,normal,NA,10144,60,metal_powder,good
135,38,low,2,easy,NA,NA,1240,12,metal_powder,good
136,27,high,2,easy,hard,NA,8613,27,plasma_torch,good
137,66,high,1,easy,quite hard,normal,766,12,metal_powder,bad
138,35,high,2,easy,NA,normal,2728,15,metal_powder,good
139,44,low,1,hard,easy,hard,1881,12,metal_powder,good
140,27,high,0,easy,hard,hard,709,6,plasma_torch,good
141,30,low,3,easy,easy,normal,4795,36,metal_powder,good
142,27,high,3,easy,easy,easy,3416,27,metal_powder,good
143,22,high,2,easy,easy,easy,2462,18,waste_mngmt,bad
144,23,low,2,easy,easy,NA,2288,21,waste_mngmt,good
145,30,high,2,easy,normal,normal,3566,48,drosrite,good
146,39,low,2,easy,easy,easy,860,6,plasma_torch,good
147,51,low,2,easy,normal,NA,682,12,plasma_torch,good
148,28,high,2,easy,easy,easy,5371,36,waste_mngmt,good
149,46,high,2,easy,hard,NA,1582,18,metal_powder,good
150,42,high,2,normal,normal,NA,1346,6,metal_powder,good
151,38,high,2,easy,easy,NA,1924,10,metal_powder,good
152,24,high,2,easy,easy,hard,5848,36,metal_powder,good
153,29,low,2,hard,hard,normal,7758,24,plasma_torch,good
154,36,high,3,hard,normal,normal,6967,24,drosrite,good
155,20,low,2,hard,easy,easy,1282,12,waste_mngmt,bad
156,48,high,2,easy,normal,easy,1288,9,other2,good
157,45,high,1,easy,easy,easy,339,12,process_dev,good
158,38,high,2,easy,normal,normal,3512,24,plasma_torch,good
159,34,high,1,easy,NA,NA,1898,6,metal_powder,good
160,36,high,2,easy,normal,NA,2872,24,metal_powder,good
161,30,low,2,easy,easy,NA,1055,18,plasma_torch,good
162,36,high,2,easy,quite hard,NA,1262,15,other3,good
163,70,high,3,normal,easy,normal,7308,10,plasma_torch,good
164,36,high,2,easy,quite hard,NA,909,36,plasma_torch,good
165,32,high,2,easy,quite hard,NA,2978,6,waste_mngmt,good
166,33,low,2,easy,easy,easy,1131,18,waste_mngmt,bad
167,20,low,2,easy,hard,normal,1577,11,waste_mngmt,good
168,25,low,2,hard,easy,NA,3972,24,waste_mngmt,good
169,31,high,2,easy,easy,normal,1935,24,drosrite,bad
170,33,high,2,hard,easy,easy,950,15,plasma_torch,bad
171,26,low,2,easy,easy,NA,763,12,waste_mngmt,good
172,34,low,3,easy,easy,normal,2064,24,waste_mngmt,bad
173,33,high,2,easy,easy,normal,1414,8,metal_powder,good
174,26,high,2,easy,easy,easy,3414,21,process_dev,bad
175,53,low,3,easy,NA,NA,7485,30,plasma_torch,bad
176,42,high,2,easy,easy,easy,2577,12,waste_mngmt,good
177,52,high,2,easy,quite hard,easy,338,6,metal_powder,good
178,31,high,3,hard,easy,NA,1963,12,metal_powder,good
179,65,high,2,easy,easy,easy,571,21,plasma_torch,good
180,28,high,2,easy,easy,NA,9572,36,drosrite,bad
181,30,high,3,easy,easy,normal,4455,36,drosrite,bad
182,40,high,1,easy,NA,easy,1647,21,plasma_torch,bad
183,50,high,2,easy,hard,NA,3777,24,waste_mngmt,good
184,36,high,2,easy,easy,normal,884,18,plasma_torch,bad
185,31,high,2,easy,easy,NA,1360,15,metal_powder,good
186,74,low,3,normal,easy,normal,5129,9,plasma_torch,bad
187,68,high,0,normal,easy,normal,1175,16,plasma_torch,good
188,20,high,2,easy,normal,easy,674,12,metal_powder,bad
189,33,low,2,easy,easy,normal,3244,18,waste_mngmt,good
190,54,high,3,easy,hard,NA,4591,24,drosrite,bad
191,34,high,1,normal,normal,normal,3844,48,drosrite,bad
192,36,high,2,easy,easy,normal,3915,27,drosrite,bad
193,29,high,2,hard,easy,NA,2108,6,metal_powder,good
194,21,high,2,hard,normal,normal,3031,45,metal_powder,bad
195,34,low,3,easy,easy,normal,1501,9,process_dev,bad
196,28,low,2,easy,easy,NA,1382,6,metal_powder,good
197,27,low,2,hard,normal,normal,951,12,waste_mngmt,bad
198,36,high,2,normal,NA,normal,2760,24,plasma_torch,good
199,40,high,3,easy,easy,normal,4297,18,waste_mngmt,bad
200,52,high,2,easy,quite hard,NA,936,9,process_dev,good
201,27,high,1,easy,easy,easy,1168,12,plasma_torch,good
202,26,high,2,easy,easy,NA,5117,27,drosrite,good
203,21,high,2,hard,easy,easy,902,12,process_dev,bad
204,38,high,1,easy,easy,NA,1495,12,plasma_torch,good
205,38,high,3,normal,easy,easy,10623,30,plasma_torch,good
206,43,high,2,easy,easy,NA,1935,12,waste_mngmt,good
207,26,high,2,easy,easy,normal,1424,12,other3,good
208,21,high,1,easy,easy,easy,6568,24,drosrite,good
209,55,high,2,easy,hard,NA,1413,12,plasma_torch,good
210,33,high,2,easy,NA,NA,3074,9,metal_powder,good
211,45,low,1,easy,NA,NA,3835,36,metal_powder,good
212,50,high,2,easy,easy,easy,5293,27,drosrite,bad
213,66,high,3,easy,easy,hard,1908,30,drosrite,bad
214,51,high,2,easy,NA,NA,3342,36,metal_powder,good
215,39,low,1,easy,NA,normal,932,6,process_dev,good
216,31,high,2,easy,easy,easy,3104,18,drosrite,good
217,23,high,2,easy,easy,hard,3913,36,metal_powder,good
218,24,high,1,hard,easy,easy,3021,24,waste_mngmt,good
219,64,low,2,easy,easy,NA,1364,10,plasma_torch,good
220,26,high,1,easy,easy,normal,625,12,metal_powder,good
221,23,low,2,hard,NA,easy,1200,12,process_dev,good
222,30,high,2,easy,easy,NA,707,12,metal_powder,good
223,32,high,2,easy,NA,NA,2978,24,drosrite,good
224,30,high,2,easy,easy,NA,4657,15,plasma_torch,good
225,27,high,2,easy,easy,NA,2613,36,other2,good
226,27,high,2,easy,hard,normal,10961,48,metal_powder,bad
227,53,high,3,normal,easy,easy,7865,12,waste_mngmt,bad
228,22,high,2,easy,easy,NA,1478,9,metal_powder,bad
229,22,high,2,normal,easy,easy,3149,24,waste_mngmt,good
230,26,high,2,easy,easy,hard,4210,36,metal_powder,bad
231,51,high,1,normal,quite hard,NA,2507,9,plasma_torch,good
232,35,high,2,easy,normal,NA,2141,12,metal_powder,good
233,25,high,1,easy,easy,normal,866,18,metal_powder,good
234,42,high,1,easy,easy,NA,1544,4,metal_powder,good
235,30,high,3,easy,easy,easy,1823,24,metal_powder,bad
236,23,high,0,easy,NA,normal,14555,6,plasma_torch,bad
237,61,high,1,hard,normal,normal,2767,21,drosrite,bad
238,35,low,2,easy,easy,NA,1291,12,metal_powder,good
239,39,high,2,easy,easy,easy,2522,30,metal_powder,good
240,29,low,2,easy,NA,easy,915,24,plasma_torch,bad
241,51,high,2,easy,easy,NA,1595,6,metal_powder,good
242,24,high,2,normal,easy,easy,4605,48,plasma_torch,bad
243,27,low,2,easy,easy,NA,1185,12,drosrite,good
244,35,low,1,easy,quite hard,NA,3447,12,process_dev,good
245,25,high,2,easy,easy,NA,1258,24,drosrite,good
246,52,high,2,easy,easy,NA,717,12,metal_powder,good
247,35,high,2,hard,normal,NA,1204,6,plasma_torch,good
248,26,high,2,easy,easy,hard,1925,24,waste_mngmt,good
249,22,low,2,hard,easy,NA,433,18,metal_powder,bad
250,39,low,1,easy,hard,easy,666,6,plasma_torch,good
251,46,low,1,easy,easy,hard,2251,12,waste_mngmt,good
252,24,low,2,easy,easy,normal,2150,30,plasma_torch,bad
253,35,high,2,easy,normal,NA,4151,24,waste_mngmt,good
254,24,high,2,easy,NA,normal,2030,9,waste_mngmt,good
255,27,high,1,easy,NA,normal,7418,60,metal_powder,good
256,35,high,1,easy,easy,NA,2684,24,metal_powder,good
257,29,high,2,normal,easy,easy,2149,12,metal_powder,bad
258,23,low,2,easy,normal,NA,3812,15,plasma_torch,good
259,57,low,1,easy,normal,NA,1154,11,metal_powder,good
260,27,high,2,easy,easy,easy,1657,12,waste_mngmt,good
261,55,low,2,easy,easy,easy,1603,24,metal_powder,good
262,36,high,3,normal,easy,easy,5302,18,plasma_torch,good
263,57,low,1,normal,easy,NA,2748,12,process_dev,good
264,32,high,1,easy,easy,NA,1231,10,plasma_torch,good
265,37,high,2,easy,easy,normal,802,15,metal_powder,bad
266,36,high,2,easy,NA,NA,6304,36,drosrite,good
267,38,low,2,easy,easy,NA,1533,24,metal_powder,good
268,45,high,3,easy,easy,easy,8978,14,plasma_torch,bad
269,25,high,2,easy,NA,NA,999,24,metal_powder,good
270,32,high,2,easy,NA,NA,2662,18,plasma_torch,good
271,37,low,2,hard,quite hard,NA,1402,12,waste_mngmt,good
272,36,high,3,normal,NA,normal,12169,48,plasma_torch,good
273,28,high,2,easy,easy,normal,3060,48,metal_powder,bad
274,34,high,1,easy,easy,easy,11998,30,other2,bad
275,32,high,2,easy,easy,NA,2697,9,metal_powder,good
276,26,low,2,easy,easy,NA,2404,18,metal_powder,good
277,49,high,1,easy,NA,easy,1262,12,waste_mngmt,good
278,32,low,2,easy,easy,NA,4611,6,waste_mngmt,bad
279,29,high,3,hard,normal,NA,1901,24,metal_powder,good
280,23,high,2,hard,hard,NA,3368,15,plasma_torch,good
281,50,high,2,easy,easy,NA,1574,12,waste_mngmt,good
282,49,high,1,easy,NA,hard,1445,18,metal_powder,good
283,63,high,2,easy,NA,NA,1520,15,waste_mngmt,good
284,37,high,2,easy,normal,normal,3878,24,plasma_torch,good
285,35,low,1,easy,easy,easy,10722,47,plasma_torch,good
286,26,high,2,easy,easy,easy,4788,48,plasma_torch,good
287,31,high,3,normal,normal,normal,7582,48,other1,good
288,49,low,2,easy,easy,normal,1092,12,metal_powder,good
289,48,high,2,easy,easy,easy,1024,24,metal_powder,bad
290,26,high,2,easy,easy,NA,1076,12,drosrite,good
291,28,high,3,hard,easy,normal,9398,36,plasma_torch,bad
292,44,low,3,normal,easy,easy,6419,24,plasma_torch,good
293,56,high,2,normal,easy,hard,4796,42,plasma_torch,good
294,46,high,3,easy,NA,NA,7629,48,drosrite,good
295,26,low,2,easy,easy,normal,9960,48,waste_mngmt,bad
296,20,low,2,hard,NA,NA,4675,12,plasma_torch,good
297,45,high,1,easy,NA,NA,1287,10,plasma_torch,good
298,43,high,2,easy,easy,NA,2515,18,waste_mngmt,good
299,32,high,2,easy,hard,normal,2745,21,waste_mngmt,good
300,54,low,0,easy,easy,NA,672,6,plasma_torch,good
301,42,low,2,easy,easy,normal,3804,36,metal_powder,bad
302,37,high,1,easy,NA,hard,1344,24,plasma_torch,bad
303,49,high,2,easy,easy,easy,1038,10,plasma_torch,good
304,44,high,2,normal,quite hard,NA,10127,48,plasma_torch,bad
305,33,high,2,easy,hard,NA,1543,6,waste_mngmt,good
306,24,low,1,hard,NA,NA,4811,30,plasma_torch,good
307,33,high,1,easy,normal,easy,727,12,metal_powder,bad
308,24,low,2,easy,easy,normal,1237,8,waste_mngmt,bad
309,22,high,1,hard,easy,normal,276,9,plasma_torch,good
310,40,high,0,normal,NA,normal,5381,48,other1,good
311,25,high,2,easy,normal,NA,5511,24,waste_mngmt,good
312,26,low,2,easy,easy,hard,3749,24,waste_mngmt,good
313,25,high,1,easy,easy,normal,685,12,plasma_torch,bad
314,29,high,1,easy,NA,hard,1494,4,plasma_torch,good
315,31,high,2,easy,easy,easy,2746,36,waste_mngmt,bad
316,38,high,1,easy,easy,easy,708,12,waste_mngmt,good
317,48,low,1,easy,NA,normal,4351,24,waste_mngmt,good
318,32,high,2,easy,easy,NA,701,12,process_dev,good
319,27,low,1,easy,easy,easy,3643,15,waste_mngmt,good
320,28,high,3,easy,easy,normal,4249,30,plasma_torch,bad
321,32,high,2,easy,easy,easy,1938,24,metal_powder,bad
322,34,high,3,normal,easy,easy,2910,24,plasma_torch,good
323,28,high,2,easy,hard,easy,2659,18,waste_mngmt,good
324,36,low,2,easy,easy,NA,1028,18,plasma_torch,good
325,39,high,1,easy,easy,easy,3398,8,plasma_torch,good
326,49,high,2,hard,NA,NA,5801,12,waste_mngmt,good
327,34,low,2,easy,hard,NA,1525,24,plasma_torch,good
328,31,high,2,easy,easy,hard,4473,36,metal_powder,good
329,28,high,2,easy,easy,normal,1068,6,metal_powder,good
330,75,high,3,normal,easy,easy,6615,24,plasma_torch,good
331,30,low,2,easy,normal,NA,1864,18,process_dev,bad
332,24,low,3,easy,normal,normal,7408,60,plasma_torch,bad
333,24,low,1,hard,normal,NA,11590,48,plasma_torch,bad
334,23,high,2,hard,easy,easy,4110,24,waste_mngmt,bad
335,44,high,3,hard,easy,easy,3384,6,waste_mngmt,bad
336,23,low,1,easy,easy,normal,2101,13,metal_powder,good
337,24,low,2,hard,NA,easy,1275,15,other3,bad
338,28,high,2,easy,easy,easy,4169,24,waste_mngmt,good
339,31,high,1,easy,easy,normal,1521,10,waste_mngmt,good
340,24,low,2,normal,easy,normal,5743,24,process_dev,good
341,26,low,1,hard,easy,easy,3599,21,waste_mngmt,good
342,25,high,2,hard,quite hard,normal,3213,18,metal_powder,good
343,33,high,3,easy,easy,normal,4439,18,drosrite,good
344,37,high,1,easy,easy,hard,3949,10,plasma_torch,good
345,43,low,1,easy,easy,NA,1459,15,metal_powder,good
346,23,high,2,easy,easy,normal,882,13,metal_powder,good
347,23,low,0,hard,quite hard,normal,3758,24,metal_powder,good
348,34,high,1,easy,normal,NA,1743,6,drosrite,good
349,32,high,2,normal,hard,normal,1136,9,process_dev,bad
350,23,low,2,hard,easy,NA,1236,9,other3,good
351,29,low,2,easy,easy,normal,959,9,waste_mngmt,bad
352,38,high,3,easy,NA,NA,3229,18,plasma_torch,good
353,28,high,2,hard,easy,easy,6199,12,metal_powder,bad
354,46,high,2,normal,quite hard,NA,727,10,process_dev,good
355,23,high,1,easy,easy,normal,1246,24,plasma_torch,bad
356,49,high,2,easy,NA,NA,2331,12,metal_powder,good
357,26,high,3,easy,easy,NA,4463,36,metal_powder,bad
358,28,high,2,easy,easy,NA,776,12,metal_powder,good
359,23,low,2,hard,easy,easy,2406,30,waste_mngmt,bad
360,61,high,2,normal,NA,normal,1239,18,process_dev,good
361,37,high,3,easy,NA,hard,3399,12,metal_powder,good
362,36,low,2,easy,easy,hard,2247,12,plasma_torch,good
363,21,high,2,hard,easy,NA,1766,6,waste_mngmt,good
364,25,high,0,easy,easy,easy,2473,18,waste_mngmt,bad
365,36,high,2,easy,easy,NA,1542,12,drosrite,good
366,27,high,2,easy,easy,NA,3850,18,plasma_torch,good
367,22,low,2,hard,easy,easy,3650,18,waste_mngmt,good
368,42,high,2,easy,easy,easy,3446,36,waste_mngmt,bad
369,40,low,2,hard,easy,normal,3001,18,waste_mngmt,good
370,36,high,2,easy,NA,NA,3079,36,plasma_torch,good
371,33,high,2,easy,easy,NA,6070,18,metal_powder,good
372,23,low,2,hard,easy,NA,2146,10,waste_mngmt,good
373,63,high,3,normal,NA,NA,13756,60,plasma_torch,good
374,60,low,3,normal,normal,normal,14782,60,other1,bad
375,37,low,2,hard,easy,easy,7685,48,drosrite,bad
376,34,high,2,easy,easy,NA,2320,18,metal_powder,good
377,36,high,2,normal,NA,NA,846,7,metal_powder,good
378,57,high,3,normal,easy,normal,14318,36,plasma_torch,bad
379,52,low,1,easy,normal,NA,362,6,plasma_torch,good
380,39,high,2,easy,NA,easy,2212,20,waste_mngmt,good
381,38,low,3,normal,easy,normal,12976,18,plasma_torch,bad
382,25,low,2,hard,NA,NA,1283,22,plasma_torch,good
383,26,high,2,easy,easy,hard,1330,12,plasma_torch,good
384,26,high,1,easy,normal,NA,4272,30,drosrite,good
385,25,low,2,easy,easy,NA,2238,18,metal_powder,good
386,21,low,2,hard,NA,NA,1126,18,metal_powder,good
387,40,high,3,easy,easy,normal,7374,18,waste_mngmt,good
388,27,high,2,easy,quite hard,normal,2326,15,drosrite,good
389,27,low,2,easy,easy,NA,1449,9,drosrite,good
390,30,high,3,easy,easy,NA,1820,18,plasma_torch,good
391,19,low,1,hard,hard,normal,983,12,waste_mngmt,good
392,39,high,3,normal,easy,easy,3249,36,plasma_torch,good
393,31,low,2,easy,easy,easy,1957,6,metal_powder,good
394,31,high,3,easy,easy,NA,2406,9,waste_mngmt,good
395,32,high,2,hard,normal,normal,11760,39,process_dev,good
396,55,low,3,normal,easy,easy,2578,12,waste_mngmt,good
397,46,high,2,easy,easy,easy,2348,36,waste_mngmt,good
398,46,high,2,hard,easy,normal,1223,12,plasma_torch,bad
399,43,low,1,easy,hard,NA,1516,24,metal_powder,good
400,39,high,2,easy,easy,NA,1473,18,metal_powder,good
401,28,high,2,easy,NA,normal,1887,18,drosrite,good
402,27,high,2,easy,easy,NA,8648,24,drosrite,bad
403,27,high,1,easy,easy,NA,802,14,plasma_torch,good
404,43,high,2,easy,NA,normal,2899,18,plasma_torch,good
405,22,high,2,easy,easy,normal,2039,24,metal_powder,bad
406,43,high,2,easy,NA,NA,2197,24,plasma_torch,good
407,27,high,2,easy,easy,easy,1053,15,metal_powder,good
408,26,high,3,easy,quite hard,NA,3235,24,metal_powder,good
409,28,high,2,easy,quite hard,hard,939,12,plasma_torch,bad
410,20,low,2,easy,easy,normal,1967,24,metal_powder,good
411,35,high,3,easy,easy,NA,7253,33,plasma_torch,good
412,42,high,3,easy,easy,NA,2292,12,drosrite,bad
413,40,high,1,hard,quite hard,NA,1597,10,plasma_torch,good
414,35,low,2,easy,NA,easy,1381,24,plasma_torch,bad
415,35,high,2,easy,easy,NA,5842,36,plasma_torch,good
416,33,high,1,easy,easy,easy,2579,12,plasma_torch,bad
417,23,low,2,hard,NA,easy,8471,18,process_dev,good
418,31,low,3,easy,quite hard,NA,2782,21,plasma_torch,good
419,33,low,2,easy,NA,normal,1042,18,plasma_torch,bad
420,20,low,2,hard,hard,NA,3186,15,plasma_torch,good
421,30,high,2,easy,NA,normal,2028,12,plasma_torch,good
422,47,high,1,easy,easy,normal,958,12,plasma_torch,good
423,34,high,3,easy,normal,NA,1591,21,waste_mngmt,good
424,25,low,2,easy,NA,normal,2762,12,waste_mngmt,bad
425,21,high,2,hard,easy,normal,2779,18,plasma_torch,good
426,29,high,2,easy,easy,NA,2743,28,metal_powder,good
427,46,high,2,easy,hard,NA,1149,18,metal_powder,good
428,20,high,2,easy,easy,NA,1313,9,waste_mngmt,good
429,55,low,0,normal,easy,easy,1190,18,other2,bad
430,74,high,1,easy,easy,NA,3448,5,drosrite,good
431,29,high,3,easy,easy,normal,11328,24,other1,bad
432,36,high,3,normal,easy,easy,1872,6,waste_mngmt,good
433,33,high,2,easy,easy,NA,2058,24,other2,good
434,25,high,2,easy,easy,easy,2136,9,waste_mngmt,good
435,25,high,2,easy,NA,normal,1484,12,metal_powder,bad
436,23,high,1,hard,quite hard,NA,660,6,other2,good
437,37,low,2,easy,hard,NA,1287,24,plasma_torch,good
438,65,high,0,easy,easy,easy,3394,42,other2,good
439,26,low,0,easy,easy,hard,609,12,drosrite,bad
440,39,high,3,easy,easy,NA,1884,12,plasma_torch,good
441,30,low,2,easy,easy,easy,1620,12,waste_mngmt,good
442,29,high,2,easy,easy,normal,2629,20,other1,good
443,41,high,1,easy,easy,NA,719,12,process_dev,bad
444,30,low,3,easy,easy,normal,5096,48,waste_mngmt,bad
445,41,low,1,hard,NA,NA,1244,9,process_dev,good
446,34,low,2,easy,easy,easy,1842,36,plasma_torch,bad
447,35,high,2,easy,easy,normal,2576,7,metal_powder,good
448,55,low,3,easy,NA,hard,1424,12,waste_mngmt,good
449,61,high,2,easy,hard,normal,1512,15,other2,bad
450,30,high,3,easy,NA,NA,11054,36,plasma_torch,good
451,29,low,2,easy,easy,NA,518,6,metal_powder,good
452,34,high,2,easy,easy,NA,2759,12,waste_mngmt,good
453,35,high,3,easy,easy,NA,2670,24,plasma_torch,good
454,31,high,2,easy,easy,easy,4817,24,plasma_torch,bad
455,29,low,3,easy,easy,NA,2679,24,plasma_torch,good
456,36,high,2,hard,easy,easy,3905,11,plasma_torch,good
457,35,high,2,normal,easy,easy,3386,12,plasma_torch,bad
458,27,low,2,easy,easy,easy,343,6,other3,good
459,32,high,2,easy,easy,NA,4594,18,metal_powder,good
460,37,high,2,easy,easy,easy,3620,36,waste_mngmt,good
461,36,high,2,easy,easy,easy,1721,15,plasma_torch,good
462,34,low,3,hard,easy,normal,3017,12,waste_mngmt,good
463,38,high,2,easy,NA,normal,754,12,process_dev,good
464,34,high,2,easy,easy,NA,1950,18,drosrite,good
465,63,high,2,easy,easy,easy,2924,24,plasma_torch,good
466,29,low,1,hard,easy,easy,1659,24,metal_powder,bad
467,32,high,2,easy,NA,NA,7238,48,metal_powder,good
468,26,low,2,easy,easy,NA,2764,33,drosrite,good
469,35,high,1,easy,easy,NA,4679,24,plasma_torch,good
470,22,high,2,hard,normal,normal,3092,24,metal_powder,bad
471,23,low,2,easy,easy,easy,448,6,process_dev,bad
472,28,high,1,easy,easy,easy,654,9,plasma_torch,bad
473,36,high,3,easy,NA,NA,1238,6,process_dev,good
474,33,high,2,easy,easy,normal,1245,18,metal_powder,bad
475,26,low,2,hard,easy,easy,3114,18,waste_mngmt,bad
476,24,high,2,easy,quite hard,NA,2569,39,plasma_torch,good
477,25,high,2,easy,easy,hard,5152,24,metal_powder,good
478,39,high,1,easy,normal,normal,1037,12,drosrite,good
479,44,high,2,easy,easy,easy,1478,15,waste_mngmt,good
480,23,low,1,easy,easy,normal,3573,12,metal_powder,good
481,26,high,2,easy,easy,normal,1201,24,plasma_torch,good
482,57,low,2,hard,hard,easy,3622,30,waste_mngmt,good
483,30,low,2,easy,hard,NA,960,15,waste_mngmt,good
484,44,high,2,easy,quite hard,NA,1163,12,plasma_torch,good
485,47,high,3,easy,easy,normal,1209,6,plasma_torch,bad
486,52,high,2,easy,easy,NA,3077,12,metal_powder,good
487,62,low,2,normal,easy,NA,3757,24,plasma_torch,good
488,35,high,1,hard,normal,NA,1418,10,plasma_torch,good
489,26,high,2,hard,easy,NA,3518,6,plasma_torch,good
490,26,high,2,easy,easy,NA,1934,12,metal_powder,good
491,42,low,3,normal,easy,normal,8318,27,drosrite,bad
492,27,low,2,easy,normal,NA,1237,6,metal_powder,good
493,38,high,2,easy,NA,normal,368,6,metal_powder,good
494,39,high,1,hard,easy,easy,2122,12,plasma_torch,good
495,20,high,2,easy,NA,easy,2996,24,waste_mngmt,bad
496,29,high,3,hard,normal,normal,9034,36,waste_mngmt,bad
497,40,high,2,easy,easy,NA,1585,24,waste_mngmt,good
498,32,high,1,easy,easy,normal,1301,18,metal_powder,good
499,28,high,2,easy,normal,hard,1323,6,plasma_torch,good
500,27,low,2,easy,easy,easy,3123,24,plasma_torch,bad
501,42,high,2,normal,easy,easy,5493,36,plasma_torch,good
502,49,high,2,easy,normal,hard,1126,9,metal_powder,good
503,38,high,2,easy,normal,normal,1216,24,metal_powder,bad
504,24,low,2,hard,easy,easy,1207,24,plasma_torch,bad
505,27,high,1,easy,NA,NA,1309,10,plasma_torch,bad
506,36,high,2,easy,quite hard,hard,2360,15,plasma_torch,good
507,34,high,3,easy,normal,normal,6850,15,plasma_torch,bad
508,28,high,2,easy,easy,NA,1413,24,metal_powder,good
509,45,high,3,easy,normal,NA,8588,39,plasma_torch,good
510,26,high,2,easy,easy,easy,759,12,plasma_torch,bad
511,32,high,3,normal,easy,NA,4686,36,plasma_torch,good
512,26,high,2,hard,easy,hard,2687,15,drosrite,good
513,20,high,2,hard,easy,normal,585,12,metal_powder,good
514,54,high,2,easy,NA,NA,2255,24,plasma_torch,good
515,37,low,2,easy,easy,easy,609,6,plasma_torch,good
516,40,high,1,easy,easy,easy,1361,6,plasma_torch,good
517,23,low,2,hard,easy,NA,7127,36,waste_mngmt,bad
518,43,high,2,easy,normal,easy,1203,6,plasma_torch,good
519,36,high,2,normal,NA,NA,700,6,metal_powder,good
520,44,high,2,normal,easy,NA,5507,24,other2,good
521,24,low,2,easy,easy,easy,3190,18,metal_powder,bad
522,53,high,2,normal,easy,easy,7119,48,waste_mngmt,bad
523,23,low,2,easy,normal,NA,3488,24,plasma_torch,good
524,26,low,1,easy,easy,normal,1113,18,metal_powder,good
525,30,high,2,easy,easy,normal,7966,26,plasma_torch,good
526,31,low,2,easy,normal,NA,1532,15,process_dev,good
527,42,high,1,easy,easy,NA,1503,4,metal_powder,good
528,31,high,2,hard,easy,easy,2302,36,metal_powder,bad
529,41,high,1,easy,easy,easy,662,6,plasma_torch,good
530,32,high,2,easy,easy,normal,2273,36,process_dev,good
531,28,low,2,hard,normal,normal,2631,15,plasma_torch,bad
532,41,high,2,hard,easy,NA,1503,12,plasma_torch,good
533,26,high,2,easy,normal,NA,1311,24,metal_powder,good
534,25,high,2,easy,NA,NA,3105,24,metal_powder,good
535,33,high,2,hard,easy,hard,2319,21,process_dev,bad
536,75,low,3,easy,NA,easy,1374,6,plasma_torch,good
537,37,low,2,easy,easy,normal,3612,18,waste_mngmt,good
538,42,high,3,normal,easy,easy,7763,48,plasma_torch,bad
539,45,low,1,easy,easy,hard,3049,18,waste_mngmt,good
540,23,high,2,hard,easy,normal,1534,12,metal_powder,bad
541,60,high,2,normal,easy,NA,2032,24,plasma_torch,good
542,31,high,2,easy,NA,easy,6350,30,waste_mngmt,bad
543,34,high,1,easy,easy,hard,2864,18,waste_mngmt,bad
544,61,high,1,easy,easy,NA,1255,12,plasma_torch,good
545,43,high,2,normal,easy,easy,1333,24,plasma_torch,bad
546,37,low,2,easy,easy,NA,2022,24,plasma_torch,good
547,32,high,2,easy,easy,NA,1552,24,metal_powder,good
548,24,low,1,easy,easy,easy,626,12,metal_powder,bad
549,35,high,2,normal,NA,NA,8858,48,plasma_torch,good
550,23,low,2,easy,NA,NA,996,12,other2,good
551,45,high,1,easy,quite hard,NA,1750,6,metal_powder,good
552,34,high,2,easy,easy,easy,6999,48,metal_powder,bad
553,27,high,2,easy,normal,normal,1995,12,plasma_torch,good
554,67,low,3,easy,easy,normal,1199,9,process_dev,good
555,22,high,2,easy,easy,normal,1331,12,metal_powder,bad
556,28,low,2,easy,normal,normal,2278,18,plasma_torch,bad
557,29,low,2,easy,NA,NA,5003,21,plasma_torch,bad
558,27,high,2,easy,easy,easy,3552,24,waste_mngmt,bad
559,31,high,1,easy,easy,normal,1928,18,waste_mngmt,bad
560,49,high,2,normal,NA,easy,2964,24,plasma_torch,good
561,24,high,1,hard,easy,easy,1546,24,metal_powder,bad
562,29,low,2,easy,easy,hard,683,6,metal_powder,good
563,37,high,2,normal,NA,normal,12389,36,plasma_torch,bad
564,37,high,3,easy,NA,normal,4712,24,drosrite,good
565,23,low,2,hard,normal,normal,1553,24,metal_powder,good
566,36,high,2,easy,easy,easy,1372,12,plasma_torch,bad
567,34,high,2,easy,hard,NA,2578,24,metal_powder,good
568,41,high,2,easy,NA,normal,3979,48,metal_powder,good
569,31,low,2,easy,easy,easy,6758,48,metal_powder,bad
570,23,low,1,hard,easy,easy,3234,24,waste_mngmt,bad
571,38,high,2,easy,easy,NA,5954,30,metal_powder,good
572,26,low,3,hard,NA,NA,5433,24,plasma_torch,good
573,22,low,1,easy,easy,easy,806,15,drosrite,good
574,27,high,1,easy,easy,normal,1082,9,metal_powder,good
575,24,low,2,easy,easy,NA,2788,15,waste_mngmt,good
576,27,low,2,easy,easy,normal,2930,12,metal_powder,good
577,33,low,2,easy,NA,NA,1927,24,process_dev,good
578,27,high,2,easy,easy,normal,2820,36,plasma_torch,bad
579,27,high,1,easy,easy,NA,937,24,process_dev,good
580,30,high,2,easy,easy,normal,1056,18,plasma_torch,bad
581,49,high,1,easy,easy,normal,3124,12,plasma_torch,good
582,26,low,2,hard,easy,NA,1388,9,waste_mngmt,good
583,33,high,1,hard,easy,normal,2384,36,other2,bad
584,52,low,3,normal,NA,NA,2133,12,plasma_torch,good
585,20,low,2,hard,easy,easy,2039,18,waste_mngmt,bad
586,36,high,2,hard,easy,easy,2799,9,plasma_torch,good
587,21,high,1,easy,easy,easy,1289,12,waste_mngmt,good
588,47,high,1,easy,easy,easy,1217,18,other3,bad
589,60,high,2,easy,easy,easy,2246,12,waste_mngmt,bad
590,58,low,1,easy,easy,easy,385,12,metal_powder,good
591,42,low,2,hard,NA,normal,1965,24,plasma_torch,good
592,36,low,1,easy,hard,NA,1572,21,drosrite,good
593,20,low,1,hard,easy,normal,2718,24,plasma_torch,bad
594,40,high,3,easy,NA,easy,1358,24,other1,bad
595,32,low,1,easy,normal,normal,931,6,plasma_torch,bad
596,23,low,2,hard,easy,easy,1442,24,plasma_torch,bad
597,36,high,1,easy,easy,normal,4241,24,drosrite,bad
598,31,high,2,easy,easy,NA,2775,18,plasma_torch,bad
599,32,high,2,normal,easy,NA,3863,24,drosrite,good
600,45,low,2,easy,easy,normal,2329,7,metal_powder,good
601,30,low,2,easy,easy,normal,918,9,waste_mngmt,bad
602,34,low,1,normal,easy,normal,1837,24,process_dev,bad
603,28,low,3,easy,easy,NA,3349,36,waste_mngmt,bad
604,23,low,2,easy,easy,hard,1275,10,waste_mngmt,good
605,22,high,2,easy,quite hard,easy,2828,24,waste_mngmt,good
606,74,high,3,easy,easy,NA,4526,24,drosrite,good
607,50,low,2,normal,normal,normal,2671,36,metal_powder,bad
608,33,high,2,easy,easy,NA,2051,18,metal_powder,good
609,45,high,2,normal,NA,NA,1300,15,plasma_torch,good
610,22,low,2,easy,normal,easy,741,12,other3,bad
611,48,low,1,normal,normal,hard,1240,10,plasma_torch,bad
612,29,low,2,easy,hard,easy,3357,21,metal_powder,good
613,22,low,2,hard,easy,easy,3632,24,plasma_torch,good
614,22,low,2,easy,easy,NA,1808,18,waste_mngmt,bad
615,48,high,3,easy,NA,normal,12204,48,drosrite,good
616,27,high,3,normal,NA,normal,9157,60,metal_powder,good
617,37,high,2,hard,easy,easy,3676,6,plasma_torch,good
618,21,low,2,hard,normal,normal,3441,30,waste_mngmt,bad
619,49,high,1,easy,easy,NA,640,12,plasma_torch,good
620,27,high,2,easy,easy,normal,3652,21,drosrite,good
621,32,high,2,easy,easy,NA,1530,18,plasma_torch,bad
622,38,high,2,easy,NA,NA,3914,48,drosrite,bad
623,22,low,2,hard,easy,easy,1858,12,waste_mngmt,good
624,65,high,2,normal,easy,easy,2600,18,metal_powder,bad
625,35,high,2,easy,NA,NA,1979,15,metal_powder,good
626,41,high,2,easy,easy,hard,2116,6,waste_mngmt,good
627,29,high,2,easy,normal,normal,1437,9,plasma_torch,bad
628,36,high,2,easy,quite hard,NA,4042,42,waste_mngmt,good
629,64,high,1,easy,NA,NA,3832,9,process_dev,good
630,28,low,2,easy,easy,easy,3660,24,metal_powder,good
631,44,high,2,easy,easy,easy,1553,18,waste_mngmt,bad
632,23,high,2,easy,NA,normal,1444,15,metal_powder,good
633,19,low,2,hard,easy,NA,1980,9,waste_mngmt,bad
634,25,low,1,easy,easy,normal,1355,24,plasma_torch,bad
635,47,high,2,easy,easy,NA,1393,12,process_dev,good
636,28,low,2,easy,quite hard,NA,1376,24,metal_powder,good
637,21,high,2,easy,easy,NA,15653,60,metal_powder,good
638,34,low,2,easy,easy,NA,1493,12,metal_powder,good
639,26,high,2,easy,easy,easy,4370,42,metal_powder,bad
640,27,low,0,easy,easy,easy,750,18,process_dev,bad
641,38,high,1,easy,easy,normal,1308,15,other2,good
642,40,high,3,easy,normal,NA,4623,15,process_dev,bad
643,33,high,2,easy,easy,NA,1851,24,metal_powder,good
644,32,high,3,easy,easy,easy,1880,18,metal_powder,good
645,27,high,2,hard,NA,NA,7980,36,drosrite,bad
646,32,high,2,easy,easy,easy,4583,30,waste_mngmt,good
647,26,low,2,easy,quite hard,NA,1386,12,plasma_torch,bad
648,38,high,2,normal,easy,hard,947,24,plasma_torch,bad
649,40,high,1,hard,easy,easy,684,12,process_dev,bad
650,50,high,3,normal,easy,easy,7476,48,process_dev,good
651,37,high,1,easy,easy,normal,1922,12,waste_mngmt,bad
652,45,high,2,easy,easy,easy,2303,24,plasma_torch,bad
653,42,high,3,easy,normal,normal,8086,36,plasma_torch,bad
654,35,high,2,easy,easy,NA,2346,24,plasma_torch,good
655,22,high,2,normal,easy,easy,3973,14,plasma_torch,good
656,41,high,1,easy,easy,normal,888,12,plasma_torch,bad
657,37,high,2,easy,NA,NA,10222,48,metal_powder,good
658,28,low,2,easy,easy,normal,4221,30,drosrite,good
659,41,high,2,easy,easy,normal,6361,18,waste_mngmt,good
660,23,high,2,hard,easy,hard,1297,12,metal_powder,good
661,23,high,2,easy,NA,easy,900,12,plasma_torch,bad
662,50,high,2,easy,easy,NA,2241,21,waste_mngmt,good
663,35,high,3,easy,easy,normal,1050,6,waste_mngmt,good
664,50,low,1,easy,easy,hard,1047,6,process_dev,good
665,27,high,3,easy,easy,NA,6314,24,other1,good
666,34,high,2,easy,hard,normal,3496,30,waste_mngmt,good
667,27,low,2,easy,easy,NA,3609,48,drosrite,good
668,43,high,2,hard,easy,easy,4843,12,plasma_torch,bad
669,47,high,2,easy,easy,hard,3017,30,metal_powder,good
670,27,high,1,easy,normal,NA,4139,24,drosrite,good
671,31,high,2,easy,normal,NA,5742,36,drosrite,good
672,42,high,3,easy,easy,NA,10366,60,plasma_torch,good
673,24,high,2,easy,quite hard,NA,2080,6,plasma_torch,good
674,41,high,1,easy,quite hard,NA,2580,21,drosrite,bad
675,26,low,3,hard,easy,NA,4530,30,metal_powder,good
676,33,high,2,easy,easy,NA,5150,24,waste_mngmt,good
677,24,high,2,easy,normal,normal,5595,72,metal_powder,bad
678,64,high,1,hard,easy,easy,2384,24,metal_powder,good
679,26,low,2,easy,easy,NA,1453,18,metal_powder,good
680,56,low,2,easy,easy,NA,1538,6,process_dev,good
681,37,high,2,normal,NA,NA,2279,12,metal_powder,good
682,33,high,2,easy,easy,NA,1478,15,metal_powder,good
683,47,high,2,normal,easy,NA,5103,24,metal_powder,good
684,31,high,1,easy,normal,normal,9857,36,drosrite,good
685,34,high,2,normal,NA,NA,6527,60,plasma_torch,good
686,27,high,2,easy,NA,hard,1347,10,metal_powder,good
687,30,high,2,normal,normal,normal,2862,36,plasma_torch,good
688,35,high,2,easy,normal,NA,2753,9,metal_powder,good
689,31,high,2,easy,hard,easy,3651,12,plasma_torch,good
690,25,high,2,easy,easy,easy,975,15,waste_mngmt,good
691,25,low,1,easy,normal,normal,2631,15,other2,good
692,29,high,2,easy,normal,normal,2896,24,metal_powder,good
693,44,high,1,easy,NA,easy,4716,6,plasma_torch,good
694,28,high,2,easy,easy,NA,2284,24,metal_powder,good
695,50,high,2,hard,quite hard,NA,1236,6,plasma_torch,good
696,29,high,2,easy,easy,normal,1103,12,metal_powder,good
697,38,low,0,easy,easy,NA,926,12,plasma_torch,good
698,24,high,2,easy,easy,NA,1800,18,metal_powder,good
699,40,high,3,hard,easy,hard,1905,15,process_dev,good
700,29,low,1,hard,quite hard,NA,1123,12,waste_mngmt,bad
701,46,high,2,normal,easy,easy,6331,48,plasma_torch,bad
702,47,low,2,normal,normal,hard,1377,24,metal_powder,good
703,41,high,2,easy,normal,normal,2503,30,drosrite,good
704,32,low,2,easy,easy,normal,2528,27,drosrite,good
705,35,low,2,normal,quite hard,NA,5324,15,plasma_torch,good
706,24,high,2,easy,normal,normal,6560,48,plasma_torch,bad
707,25,low,2,hard,easy,normal,2969,12,waste_mngmt,bad
708,25,low,2,easy,easy,normal,1206,9,metal_powder,good
709,37,high,1,easy,easy,normal,2118,9,metal_powder,good
710,32,high,3,easy,quite hard,NA,629,18,metal_powder,good
711,35,low,2,normal,easy,easy,1198,6,process_dev,bad
712,46,high,3,easy,NA,NA,2476,21,plasma_torch,good
713,25,high,1,easy,easy,easy,1138,9,metal_powder,good
714,27,high,3,easy,easy,normal,14027,60,plasma_torch,bad
715,63,high,2,easy,NA,NA,7596,30,plasma_torch,good
716,40,high,2,easy,NA,NA,3077,30,metal_powder,good
717,32,high,3,normal,easy,NA,1505,18,metal_powder,good
718,31,high,2,easy,NA,hard,3148,24,metal_powder,good
719,31,high,2,easy,normal,normal,6148,20,plasma_torch,good
720,34,high,3,easy,easy,hard,1337,9,metal_powder,bad
721,24,low,2,hard,hard,normal,433,6,process_dev,bad
722,24,low,1,easy,easy,easy,1228,12,plasma_torch,bad
723,66,low,1,easy,quite hard,normal,790,9,metal_powder,good
724,21,low,2,hard,easy,NA,2570,27,plasma_torch,bad
725,41,low,1,easy,hard,NA,250,6,plasma_torch,good
726,47,high,1,easy,quite hard,NA,1316,15,metal_powder,good
727,25,low,2,hard,easy,easy,1882,18,metal_powder,bad
728,59,low,2,hard,easy,normal,6416,48,drosrite,bad
729,36,high,2,easy,hard,hard,1275,24,drosrite,good
730,33,high,2,easy,easy,normal,6403,24,metal_powder,good
731,21,high,1,hard,easy,easy,1987,24,metal_powder,bad
732,44,low,1,easy,easy,normal,760,8,metal_powder,good
733,28,low,2,hard,hard,NA,2603,24,plasma_torch,good
734,37,low,2,easy,easy,NA,3380,4,plasma_torch,good
735,29,low,0,easy,NA,normal,3990,36,other3,good
736,23,low,3,hard,easy,normal,11560,24,plasma_torch,bad
737,35,high,1,easy,normal,easy,4380,18,plasma_torch,good
738,45,high,3,easy,easy,NA,6761,6,plasma_torch,good
739,26,low,1,hard,normal,normal,4280,30,drosrite,bad
740,32,high,2,easy,normal,easy,2325,24,plasma_torch,good
741,23,high,1,easy,easy,normal,1048,10,metal_powder,good
742,41,high,2,easy,NA,NA,3160,21,metal_powder,good
743,22,high,2,easy,quite hard,easy,2483,24,waste_mngmt,good
744,30,high,3,easy,NA,easy,14179,39,waste_mngmt,good
745,28,high,1,easy,easy,easy,1797,13,drosrite,good
746,23,low,2,hard,easy,easy,2511,15,plasma_torch,good
747,37,low,1,easy,easy,easy,1274,12,plasma_torch,bad
748,26,high,2,easy,NA,NA,5248,21,plasma_torch,good
749,33,high,2,easy,easy,NA,3029,15,plasma_torch,good
750,49,low,2,easy,easy,easy,428,6,waste_mngmt,good
751,23,low,1,easy,easy,easy,976,18,plasma_torch,bad
752,23,low,1,hard,normal,normal,841,12,drosrite,good
753,25,low,2,easy,easy,NA,5771,30,metal_powder,good
754,55,high,2,normal,hard,NA,1555,12,other2,bad
755,32,low,2,hard,NA,easy,1285,24,plasma_torch,bad
756,74,high,0,easy,easy,hard,1299,6,plasma_torch,good
757,39,high,2,normal,NA,hard,1271,15,metal_powder,bad
758,31,high,2,easy,easy,NA,1393,24,plasma_torch,good
759,35,high,2,easy,easy,easy,691,12,plasma_torch,bad
760,59,low,2,easy,NA,NA,5045,15,plasma_torch,good
761,24,low,2,hard,easy,easy,2124,18,waste_mngmt,bad
762,24,high,1,easy,easy,easy,2214,12,metal_powder,good
763,30,high,3,normal,NA,NA,12680,21,plasma_torch,bad
764,27,high,2,easy,normal,NA,2463,24,plasma_torch,good
765,40,high,1,easy,easy,normal,1155,12,metal_powder,good
766,31,high,1,easy,easy,easy,3108,30,waste_mngmt,bad
767,31,low,2,hard,NA,NA,2901,10,plasma_torch,good
768,28,high,2,hard,easy,normal,3617,12,waste_mngmt,good
769,63,high,1,easy,easy,NA,1655,12,metal_powder,good
770,26,low,2,hard,NA,easy,2812,24,plasma_torch,good
771,25,low,3,easy,easy,easy,8065,36,process_dev,bad
772,36,high,3,easy,easy,NA,3275,21,plasma_torch,good
773,52,high,2,easy,normal,NA,2223,24,metal_powder,good
774,66,high,0,normal,quite hard,hard,1480,12,plasma_torch,good
775,25,low,2,hard,NA,easy,1371,24,plasma_torch,bad
776,37,high,2,easy,easy,NA,3535,36,plasma_torch,good
777,25,low,2,easy,easy,easy,3509,18,metal_powder,good
778,38,high,3,easy,hard,NA,5711,36,plasma_torch,good
779,67,low,2,easy,easy,normal,3872,18,other2,good
780,25,high,2,easy,easy,normal,4933,39,metal_powder,bad
781,60,high,2,easy,hard,NA,1940,24,plasma_torch,good
782,31,high,1,easy,easy,normal,1410,12,process_dev,good
783,23,low,1,easy,normal,normal,836,12,plasma_torch,bad
784,60,high,3,easy,NA,normal,6468,20,plasma_torch,good
785,35,high,1,easy,hard,normal,1941,18,drosrite,good
786,40,high,2,easy,quite hard,NA,2675,22,metal_powder,good
787,38,high,2,easy,NA,NA,2751,48,plasma_torch,good
788,50,high,2,normal,easy,normal,6224,48,process_dev,bad
789,27,high,2,easy,easy,easy,5998,40,process_dev,bad
790,39,low,2,easy,easy,normal,1188,21,drosrite,bad
791,41,high,3,easy,NA,NA,6313,24,plasma_torch,good
792,27,high,2,easy,NA,NA,1221,6,waste_mngmt,good
793,51,high,2,normal,easy,hard,2892,24,waste_mngmt,good
794,32,high,2,hard,quite hard,NA,3062,24,waste_mngmt,good
795,22,low,2,hard,normal,NA,2301,9,waste_mngmt,good
796,51,high,2,normal,NA,easy,7511,18,plasma_torch,bad
797,22,low,1,hard,easy,NA,1258,12,waste_mngmt,good
798,54,high,2,easy,NA,NA,717,24,plasma_torch,good
799,35,high,0,easy,NA,normal,1549,9,plasma_torch,good
800,54,high,2,normal,easy,NA,1597,24,process_dev,good
801,48,low,1,hard,easy,normal,1795,18,metal_powder,good
802,24,low,2,easy,easy,easy,4272,20,waste_mngmt,good
803,35,high,2,easy,NA,NA,976,12,metal_powder,good
804,24,low,0,hard,NA,normal,7472,12,plasma_torch,good
805,24,high,2,easy,easy,easy,9271,36,plasma_torch,bad
806,26,high,1,easy,easy,normal,590,6,metal_powder,good
807,65,high,2,easy,NA,NA,930,12,metal_powder,good
808,55,high,3,normal,easy,normal,9283,42,plasma_torch,good
809,26,low,0,hard,easy,normal,1778,15,plasma_torch,bad
810,26,high,2,easy,easy,normal,907,8,drosrite,good
811,28,high,1,easy,easy,normal,484,6,metal_powder,good
812,24,high,2,easy,easy,easy,9629,36,plasma_torch,bad
813,54,high,2,easy,easy,easy,3051,48,other3,bad
814,46,high,2,normal,easy,easy,3931,48,plasma_torch,bad
815,54,low,2,hard,easy,normal,7432,36,plasma_torch,good
816,62,high,2,easy,quite hard,NA,1338,6,other3,good
817,24,low,2,hard,easy,NA,1554,6,metal_powder,good
818,43,high,3,easy,easy,easy,15857,36,other1,good
819,26,high,2,easy,easy,easy,1345,18,metal_powder,bad
820,27,high,2,easy,easy,NA,1101,12,plasma_torch,good
821,24,high,2,easy,easy,hard,3016,12,metal_powder,good
822,41,high,2,easy,easy,easy,2712,36,waste_mngmt,bad
823,47,high,1,easy,easy,easy,731,8,plasma_torch,good
824,35,high,3,easy,easy,NA,3780,18,waste_mngmt,good
825,30,high,2,easy,easy,easy,1602,21,plasma_torch,good
826,33,low,2,hard,easy,easy,3966,18,plasma_torch,bad
827,36,high,2,easy,easy,NA,4165,18,drosrite,bad
828,47,high,2,normal,NA,easy,8335,36,plasma_torch,bad
829,38,high,2,normal,NA,normal,6681,48,drosrite,good
830,44,high,2,easy,quite hard,NA,2375,24,drosrite,good
831,23,low,2,hard,easy,easy,1216,18,plasma_torch,bad
832,29,high,2,hard,easy,easy,11816,45,drosrite,bad
833,42,low,2,easy,NA,normal,5084,24,metal_powder,good
834,25,low,1,easy,easy,hard,2327,15,metal_powder,bad
835,48,high,2,easy,easy,easy,1082,12,plasma_torch,bad
836,21,low,2,easy,NA,NA,886,12,metal_powder,good
837,23,low,1,hard,easy,NA,601,4,waste_mngmt,good
838,63,high,2,easy,easy,easy,2957,24,plasma_torch,good
839,46,high,2,easy,easy,NA,2611,24,metal_powder,good
840,29,high,2,easy,easy,easy,5179,36,waste_mngmt,bad
841,28,high,1,easy,easy,NA,2993,21,plasma_torch,good
842,23,low,2,easy,easy,NA,1943,18,other2,bad
843,50,high,2,easy,easy,NA,1559,24,drosrite,good
844,47,high,2,easy,easy,NA,3422,18,waste_mngmt,good
845,35,high,2,easy,NA,normal,3976,21,waste_mngmt,good
846,68,high,2,hard,NA,NA,6761,18,plasma_torch,bad
847,28,high,2,easy,easy,NA,1249,24,plasma_torch,good
848,59,high,2,easy,easy,easy,1364,9,metal_powder,good
849,57,high,1,easy,easy,easy,709,12,metal_powder,bad
850,33,high,2,hard,easy,easy,2235,20,plasma_torch,bad
851,43,high,2,easy,NA,NA,4042,24,plasma_torch,good
852,35,high,2,normal,easy,NA,1471,15,metal_powder,good
853,32,high,1,normal,easy,easy,1442,18,plasma_torch,bad
854,45,high,2,easy,easy,NA,10875,36,plasma_torch,good
855,33,high,2,easy,normal,NA,1474,24,plasma_torch,good
856,40,low,2,easy,NA,NA,894,10,process_dev,good
857,28,high,2,normal,easy,NA,3343,15,waste_mngmt,good
858,29,low,2,easy,easy,easy,3959,15,plasma_torch,bad
859,26,high,2,hard,normal,NA,3577,9,plasma_torch,good
860,27,high,2,easy,hard,NA,5804,24,plasma_torch,good
861,28,high,2,easy,easy,NA,2169,18,drosrite,bad
862,35,low,2,easy,easy,easy,2439,24,metal_powder,bad
863,32,high,1,easy,hard,NA,4526,27,waste_mngmt,good
864,25,high,1,hard,easy,NA,2210,10,waste_mngmt,bad
865,20,low,2,hard,quite hard,NA,2221,15,waste_mngmt,good
866,27,low,2,easy,easy,easy,2389,18,metal_powder,good
867,42,high,2,easy,easy,NA,3331,12,waste_mngmt,good
868,37,high,2,easy,NA,NA,7409,36,drosrite,good
869,24,low,2,hard,easy,easy,652,12,waste_mngmt,good
870,40,low,2,easy,quite hard,NA,7678,36,waste_mngmt,good
871,46,high,2,easy,easy,hard,1343,6,plasma_torch,good
872,26,high,2,easy,normal,easy,1382,24,drosrite,good
873,24,low,2,easy,NA,NA,874,15,other3,good
874,29,high,1,easy,easy,easy,3590,12,waste_mngmt,good
875,40,low,2,easy,hard,normal,1322,11,plasma_torch,good
876,36,high,3,normal,easy,easy,1940,18,metal_powder,good
877,28,high,2,easy,easy,NA,3595,36,metal_powder,good
878,27,high,3,normal,easy,easy,1422,9,plasma_torch,bad
879,36,high,2,easy,NA,NA,6742,30,metal_powder,good
880,38,high,3,easy,easy,NA,7814,24,plasma_torch,good
881,48,high,2,normal,NA,NA,9277,24,plasma_torch,good
882,36,high,2,easy,NA,normal,2181,30,plasma_torch,good
883,65,low,0,easy,easy,NA,1098,18,metal_powder,good
884,43,high,2,easy,easy,normal,4057,24,waste_mngmt,bad
885,53,low,2,easy,easy,easy,795,12,process_dev,bad
886,34,high,2,easy,NA,normal,2825,24,drosrite,good
887,23,high,2,easy,easy,normal,15672,48,drosrite,bad
888,34,high,3,easy,easy,NA,6614,36,plasma_torch,good
889,40,high,2,hard,NA,NA,7824,28,plasma_torch,good
890,43,high,3,easy,easy,easy,2442,27,drosrite,good
891,46,high,2,easy,easy,NA,1829,15,metal_powder,good
892,38,high,1,easy,easy,easy,2171,12,plasma_torch,good
893,34,high,2,easy,easy,normal,5800,36,plasma_torch,good
894,29,high,2,easy,NA,NA,1169,18,metal_powder,good
895,31,high,3,easy,NA,NA,8947,36,plasma_torch,good
896,28,low,3,hard,easy,easy,2606,21,metal_powder,good
897,35,low,2,easy,hard,NA,1592,12,waste_mngmt,good
898,33,low,1,hard,NA,NA,2186,15,waste_mngmt,good
899,42,high,2,easy,easy,easy,4153,18,waste_mngmt,bad
900,43,high,2,hard,easy,easy,2625,16,plasma_torch,bad
901,44,high,2,easy,NA,NA,3485,20,plasma_torch,good
902,42,high,2,normal,NA,NA,10477,36,plasma_torch,good
903,40,high,2,hard,NA,NA,1386,15,metal_powder,good
904,36,high,3,easy,easy,NA,1278,24,metal_powder,good
905,20,high,3,hard,easy,easy,1107,12,metal_powder,good
906,24,high,1,easy,NA,easy,3763,21,plasma_torch,good
907,27,high,2,easy,NA,normal,3711,36,process_dev,good
908,46,low,1,easy,easy,NA,3594,15,plasma_torch,good
909,33,low,1,easy,NA,normal,3195,9,plasma_torch,good
910,34,low,2,easy,easy,NA,4454,36,metal_powder,good
911,25,low,1,easy,easy,normal,4736,24,waste_mngmt,bad
912,25,low,2,easy,NA,normal,2991,30,metal_powder,good
913,28,high,2,easy,hard,NA,2142,11,drosrite,good
914,31,high,2,hard,easy,easy,3161,24,drosrite,bad
915,32,low,3,easy,easy,normal,18424,48,other1,bad
916,32,high,2,easy,normal,NA,2848,10,plasma_torch,good
917,68,high,3,easy,easy,easy,14896,6,plasma_torch,bad
918,33,high,2,easy,normal,easy,2359,24,waste_mngmt,bad
919,39,high,3,hard,easy,easy,3345,24,waste_mngmt,bad
920,28,low,2,easy,easy,NA,1817,18,waste_mngmt,good
921,37,high,3,easy,quite hard,NA,12749,48,metal_powder,good
922,22,low,2,hard,easy,easy,1366,9,metal_powder,bad
923,30,high,2,hard,easy,normal,2002,12,plasma_torch,good
924,55,high,2,easy,easy,easy,6872,24,waste_mngmt,bad
925,46,high,2,easy,easy,easy,697,12,plasma_torch,bad
926,21,low,2,hard,easy,easy,1049,18,waste_mngmt,good
927,39,high,2,normal,easy,easy,10297,48,plasma_torch,bad
928,58,high,2,easy,NA,NA,1867,30,metal_powder,good
929,43,high,1,easy,easy,easy,1344,12,plasma_torch,good
930,24,high,1,easy,easy,easy,1747,24,waste_mngmt,good
931,22,low,2,easy,easy,normal,1670,9,metal_powder,bad
932,30,high,2,easy,easy,NA,1224,9,plasma_torch,good
933,42,high,2,easy,quite hard,NA,522,12,metal_powder,good
934,23,low,2,easy,easy,easy,1498,12,metal_powder,good
935,30,high,3,easy,normal,normal,1919,30,metal_powder,bad
936,28,low,1,easy,easy,hard,745,9,metal_powder,bad
937,30,high,3,hard,easy,normal,2063,6,metal_powder,good
938,42,high,2,normal,easy,normal,6288,60,process_dev,bad
939,46,high,3,easy,NA,NA,6842,24,plasma_torch,good
940,45,high,3,easy,NA,NA,3527,12,plasma_torch,good
941,31,high,1,easy,easy,NA,1546,10,plasma_torch,good
942,31,high,2,easy,NA,NA,929,24,waste_mngmt,good
943,42,high,1,easy,easy,NA,1455,4,plasma_torch,good
944,46,low,2,hard,easy,easy,1845,15,waste_mngmt,good
945,30,low,2,easy,quite hard,normal,8358,48,plasma_torch,good
946,30,high,2,normal,quite hard,easy,3349,24,waste_mngmt,bad
947,38,high,3,easy,NA,NA,2859,12,plasma_torch,good
948,43,high,1,easy,easy,NA,1533,18,waste_mngmt,bad
949,31,high,2,easy,normal,NA,3621,24,metal_powder,bad
950,40,high,0,easy,easy,normal,3590,18,drosrite,good
951,24,high,2,easy,easy,easy,2145,36,drosrite,bad
952,28,low,2,hard,quite hard,normal,4113,24,plasma_torch,bad
953,26,low,3,easy,easy,NA,10974,36,waste_mngmt,bad
954,29,low,2,easy,easy,easy,1893,12,plasma_torch,good
955,57,low,3,hard,hard,easy,1231,24,metal_powder,good
956,49,high,1,easy,NA,hard,3656,30,metal_powder,good
957,37,high,1,easy,easy,normal,1154,9,metal_powder,good
958,45,high,1,easy,easy,easy,4006,28,plasma_torch,bad
959,30,high,2,normal,normal,normal,3069,24,waste_mngmt,good
960,30,high,2,hard,easy,NA,1740,6,metal_powder,good
961,47,high,2,easy,easy,normal,2353,21,plasma_torch,good
962,29,high,2,easy,NA,NA,3556,15,plasma_torch,good
963,35,high,2,easy,quite hard,NA,2397,24,metal_powder,bad
964,22,high,1,easy,easy,normal,454,6,other2,good
965,26,low,2,easy,NA,normal,1715,30,metal_powder,good
966,23,high,1,easy,quite hard,normal,2520,27,metal_powder,bad
967,54,low,3,hard,easy,NA,3568,15,metal_powder,good
968,29,high,2,hard,NA,NA,7166,42,metal_powder,good
969,40,high,1,easy,easy,easy,3939,11,plasma_torch,good
970,22,high,2,easy,normal,normal,1514,15,other2,good
971,43,high,1,easy,easy,NA,7393,24,plasma_torch,good
972,29,low,0,hard,easy,easy,1193,24,plasma_torch,bad
973,36,high,2,hard,easy,easy,7297,60,drosrite,bad
974,33,low,2,easy,easy,NA,2831,30,metal_powder,good
975,57,low,1,easy,quite hard,hard,1258,24,metal_powder,good
976,64,low,2,easy,easy,normal,753,6,metal_powder,good
977,42,high,2,easy,NA,normal,2427,18,drosrite,good
978,47,high,1,easy,easy,NA,2538,24,plasma_torch,bad
979,25,high,2,hard,normal,normal,1264,15,plasma_torch,bad
980,49,high,2,easy,easy,normal,8386,30,waste_mngmt,bad
981,33,high,3,hard,easy,NA,4844,48,drosrite,bad
982,28,low,3,easy,normal,hard,2923,21,plasma_torch,good
983,26,high,2,easy,easy,easy,8229,36,plasma_torch,bad
984,30,high,1,easy,easy,NA,2028,24,waste_mngmt,good
985,25,low,2,hard,easy,easy,1433,15,waste_mngmt,good
986,33,high,2,easy,easy,hard,6289,42,drosrite,good
987,64,low,2,easy,normal,NA,1409,13,metal_powder,good
988,29,high,3,normal,easy,easy,6579,24,plasma_torch,good
989,48,high,1,easy,easy,normal,1743,24,metal_powder,good
990,37,high,1,easy,NA,NA,3565,12,process_dev,good
991,34,high,1,easy,normal,NA,1569,15,metal_powder,good
992,23,high,1,hard,NA,easy,1936,18,metal_powder,good
993,30,high,3,easy,easy,easy,3959,36,waste_mngmt,good
994,50,high,2,easy,NA,NA,2390,12,plasma_torch,good
995,31,low,1,easy,easy,NA,1736,12,waste_mngmt,good
996,40,high,3,easy,easy,easy,3857,30,plasma_torch,good
997,38,high,2,easy,easy,NA,804,12,metal_powder,good
998,23,high,2,normal,easy,easy,1845,45,metal_powder,bad
999,27,high,2,easy,normal,normal,4576,45,plasma_torch,good
